{
  "project_info": {
    "project_number": "741872047790",
    "project_id": "followergir-c6885",
    "storage_bucket": "followergir-c6885.appspot.com"
  },
  "client": [
    {
      "client_info": {
        "mobilesdk_app_id": "1:741872047790:android:a8faa5b5c16ee956803f3f",
        "android_client_info": {
          "package_name": "net.iamir.projects.kurentogroupcall"
        }
      },
      "oauth_client": [
        {
          "client_id": "741872047790-icu26sd77kat9jjcd0nbc6ji8nk7ufco.apps.googleusercontent.com",
          "client_type": 3
        }
      ],
      "api_key": [
        {
          "current_key": "AIzaSyAbZ9L3V8hPjelXXJe7TCop_FYlcddF5CY"
        }
      ],
      "services": {
        "appinvite_service": {
          "other_platform_oauth_client": [
            {
              "client_id": "741872047790-icu26sd77kat9jjcd0nbc6ji8nk7ufco.apps.googleusercontent.com",
              "client_type": 3
            }
          ]
        }
      }
    }
  ],
  "configuration_version": "1"
}